Date,"US Dollar",Euro,"Pound Sterling","Japanese Yen"
31/12/1969,35.2,22.24135,14.66239,12592.43816
30/01/1970,34.99,23.19885,14.53677,12496.35219
27/02/1970,35.02,23.26143,14.54923,12529.95188
31/03/1970,35.3,23.42317,14.67166,12627.64624
30/04/1970,35.85,23.78739,14.92507,12858.35769
29/05/1970,35.45,23.53597,14.80167,12757.88483
30/06/1970,35.49,23.55071,14.84938,12764.71531
31/07/1970,35.3,23.44754,14.81327,12728.16415
31/08/1970,35.8,23.58015,14.99162,12799.91765
30/09/1970,36.4,23.97657,15.23013,13018.65517
30/10/1970,37.25,24.57721,15.59883,13341.25016
30/11/1970,37.54,24.7077,15.68742,13403.92856
31/12/1970,37.38,24.41424,15.46339,13239.03264
29/01/1971,38.05,25.08689,15.74918,13613.2104
26/02/1971,38.8,25.57503,16.05827,13867.10448
31/03/1971,38.88,25.60818,16.08399,13892.94658
30/04/1971,39.7,26.14384,16.40904,14188.37692
31/05/1971,40.84,26.89863,16.8893,14594.97987
30/06/1971,40.1,26.39388,16.5723,14328.74064
30/07/1971,42.4,27.91728,17.53081,15153.73633
31/08/1971,40.65,26.10252,16.53111,13538.97924
30/09/1971,42.6,27.38985,17.14563,14059.41333
29/10/1971,42.34,27.22101,17.00061,13957.50144
30/11/1971,43.6,27.92759,17.48476,14250.07783
31/12/1971,43.55,27.06001,17.06103,13691.4779
31/01/1972,47.15,28.9905,18.17796,14624.17151
29/02/1972,48.2,29.51297,18.49437,14619.79982
31/03/1972,48.38,29.35888,18.49671,14695.63663
28/04/1972,49.6,30.17176,18.99583,15092.19047
31/05/1972,59.45,36.005,22.74815,18096.15119
30/06/1972,64.65,39.02776,26.45255,19085.51651
31/07/1972,68.3,41.30601,27.87755,20559.6918
31/08/1972,66.88,40.23167,27.31601,20090.92243
29/09/1972,64.2,38.77824,26.52894,19326.33602
31/10/1972,64.39,39.2677,27.55242,19410.67892
30/11/1972,63.6,38.70666,27.03507,19127.30893
29/12/1972,64.9,39.55253,27.65823,19568.19742
31/01/1973,66,40.81057,27.73111,19897.07381
28/02/1973,85,48.13705,34.2466,22585.6306
30/03/1973,90,51.83111,36.30499,23834.2248
30/04/1973,90.72,52.60549,36.44599,24145.46736
31/05/1973,114.75,65.04366,44.72815,30392.77922
29/06/1973,123.25,67.54318,47.76207,32263.27701
31/07/1973,115.6,63.58138,46.23076,30535.41385
31/08/1973,103.5,57.34774,42.08686,27419.58873
28/09/1973,100,54.92933,41.42848,26534.94252
31/10/1973,98,54.30066,40.18205,26098.24108
30/11/1973,101,58.89005,43.07039,28232.64235
31/12/1973,112.25,65.94655,48.32114,31384.57875
31/01/1974,132.5,82.65106,58.06311,39453.8853
28/02/1974,162.5,100.07604,70.53874,46802.4562
29/03/1974,173,100.67959,72.23384,47602.09754
30/04/1974,169.25,97.53068,69.56434,47234.18347
31/05/1974,156.75,92.29097,65.4079,44183.03408
28/06/1974,144.25,85.07806,60.4442,41041.61473
31/07/1974,156,91.6079,65.54627,46668.94272
30/08/1974,156,93.60627,67.31397,47254.40549
30/09/1974,151.25,90.39555,64.8446,45131.84239
31/10/1974,167,99.30811,71.54185,50150.83476
29/11/1974,184,107.71159,79.10582,55215.86136
31/12/1974,186.5,106.17632,79.36175,56029.39808
31/01/1975,175.8,98.80129,73.88111,52492.52827
28/02/1975,181.75,99.58179,74.80964,52067.51161
31/03/1975,177.25,98.85409,73.83883,51834.86084
30/04/1975,167,92.691,70.91296,48788.11989
30/05/1975,167,91.82122,72.26309,48777.5882
30/06/1975,166.25,92.62667,76.4896,49565.2595
31/07/1975,166.7,98.40801,77.62159,49794.25142
29/08/1975,159.8,94.55606,75.71671,47625.80771
30/09/1975,141.25,85.78029,69.14529,42800.93605
31/10/1975,142.9,84.59354,68.78465,43162.36519
28/11/1975,138.15,83.48895,68.47584,41975.68747
31/12/1975,140.25,84.68191,69.32094,42788.35143
30/01/1976,128.15,80.11987,63.12811,38950.0462
27/02/1976,132.3,84.37334,65.31725,40006.81655
31/03/1976,129.6,85.94021,67.60564,38873.2404
30/04/1976,128.4,87.07182,69.76365,38474.65435
31/05/1976,125.5,84.51886,71.36772,37717.83804
30/06/1976,123.8,83.1318,69.35578,36897.27413
30/07/1976,112.5,75.94623,63.00758,33015.96982
31/08/1976,104,70.11929,58.5092,30015.2195
30/09/1976,116,78.10382,69.83752,33347.41433
29/10/1976,123.15,83.05655,77.64824,36300.5519
30/11/1976,130.25,87.92121,78.82005,38700.64624
31/12/1976,134.5,90.206,79.03869,39440.30494
31/01/1977,132.3,89.94698,77.14293,38185.74983
28/02/1977,142.75,97.07567,83.29451,40377.0114
31/03/1977,148.9,102.07629,86.56985,41380.3866
29/04/1977,147.25,100.63604,85.64041,40936.1181
31/05/1977,142.95,97.73407,83.15882,39666.75625
30/06/1977,143,97.60672,83.13961,38285.79233
29/07/1977,144.1,100.31705,82.95914,38493.04234
31/08/1977,146,102.03731,83.76848,39036.11299
30/09/1977,154.05,107.80298,88.14948,40680.98282
31/10/1977,161.5,111.50646,87.74795,40276.30716
30/11/1977,160.05,110.17812,88.08482,39109.66096
30/12/1977,164.95,110.07522,86.04591,39538.09642
31/01/1978,175.75,117.3962,90.12826,42495.47366
28/02/1978,182.25,119.81684,93.87073,43462.14916
31/03/1978,181.6,118.79143,97.32056,40096.06949
28/04/1978,170.85,113.17922,93.38625,38241.67073
31/05/1978,184.15,122.76258,100.46381,40838.53952
30/06/1978,183.05,120.42746,98.41399,37298.90225
31/07/1978,200.25,129.16098,103.67598,37789.8942
31/08/1978,208.7,132.48419,107.38361,39731.93525
29/09/1978,217.1,135.67594,109.84065,41080.4021
31/10/1978,242.6,141.49019,116.91572,43492.64885
30/11/1978,193.4,122.39974,99.46011,38590.52323
29/12/1978,226,137.06309,110.70301,43893.74465
31/01/1979,233.7,144.83874,117.43725,47327.21344
28/02/1979,251.3,154.63932,124.19084,50918.24541
30/03/1979,240.1,148.04352,116.21501,50379.20759
30/04/1979,245.3,152.76213,118.81812,54567.22078
31/05/1979,274.6,172.00192,132.68911,60506.23361
29/06/1979,277.5,169.02913,127.29367,60400.84714
31/07/1979,296.45,179.68138,131.87286,64222.08159
31/08/1979,315.1,190.38485,139.88897,69384.93073
28/09/1979,397.25,233.2274,180.36335,89144.58657
31/10/1979,382,231.44712,184.00786,90807.87755
30/11/1979,415.65,244.86711,188.97488,103747.2087
31/12/1979,512,299.11655,230.6308,122753.2439
31/01/1980,653,385.00886,288.10948,156299.3934
29/02/1980,637,381.48409,280.24652,160301.0078
31/03/1980,494.5,321.56293,228.51206,123625.0253
30/04/1980,518,317.26757,229.35595,123852.2134
30/05/1980,535.5,323.09063,228.35837,119317.2476
30/06/1980,653.5,392.722,277.3181,143581.4437
31/07/1980,614.25,372.37295,262.16406,139733.4439
29/08/1980,631.25,386.52486,263.40501,138287.6281
30/09/1980,666.75,412.8316,279.26715,140611.0098
31/10/1980,629,404.91223,258.15724,132821.8977
28/11/1980,619.75,406.72845,262.82869,134174.0465
31/12/1980,589.75,392.41341,246.65414,119873.9125
30/01/1981,506.5,363.31025,213.98407,104745.2003
27/02/1981,489,357.94829,221.76881,102568.0751
31/03/1981,513.75,375.09554,228.89303,108495.295
30/04/1981,482.75,369.74482,225.53161,104139.2217
29/05/1981,479.25,386.1381,231.52177,107310.3419
30/06/1981,426,353.40487,220.66844,96652.77462
31/07/1981,406,346.86602,220.47264,97559.14121
31/08/1981,425,362.52596,229.85398,97458.08666
30/09/1981,428.75,349.87338,237.53484,99645.86407
30/10/1981,427,347.03274,229.57005,99518.61778
30/11/1981,414.5,332.94288,212.02047,88783.57124
31/12/1981,397.5,327.47503,208.22437,87350.1215
29/01/1982,387,327.91993,205.74167,88366.04914
26/02/1982,362.6,308.91219,199.06664,85797.72271
31/03/1982,320,285.7143,179.57355,79371.51106
30/04/1982,361.25,318.80764,201.36581,85177.73644
31/05/1982,325.25,284.76303,181.6532,79200.79574
30/06/1982,317.5,301.03894,182.10499,80809.08789
30/07/1982,342.9,315.16019,197.2957,88289.82377
31/08/1982,411.5,388.34072,239.66247,107608.4475
30/09/1982,397,383.37049,234.28767,106483.7453
29/10/1982,423.25,416.76881,252.38549,117233.061
30/11/1982,436,423.23761,268.55561,109033.5782
31/12/1982,456.9,429.9004,282.47317,107339.8052
31/01/1983,499.5,486.06604,328.61853,119945.7628
28/02/1983,408.5,394.41145,269.63724,97069.40714
31/03/1983,414.75,410.92914,279.57542,99109.4856
29/04/1983,429.25,430.88132,275.0724,102120.6296
31/05/1983,437.5,447.28869,272.67065,104637.36
30/06/1983,416,431.65134,271.89547,99037.92578
29/07/1983,422,456.52664,277.495,102048.7851
31/08/1983,414.25,452.92712,277.27604,102037.5838
30/09/1983,405,440.89697,270.5413,95501.07939
31/10/1983,382,416.45693,255.43303,89401.56121
30/11/1983,405,451.49264,276.26201,94067.21509
30/12/1983,382.4,432.00253,263.45155,88651.44509
31/01/1984,373.75,436.19256,266.67861,87803.93122
29/02/1984,394.25,428.55422,264.50881,92049.06685
30/03/1984,388.5,421.39654,269.32442,87261.11366
30/04/1984,375.8,425.18066,268.71662,85317.52804
31/05/1984,384.25,437.24334,277.33671,89025.08414
29/06/1984,373.05,431.92265,275.00914,88552.94225
31/07/1984,342.35,412.65398,261.83547,83983.72859
31/08/1984,348.25,419.36756,266.14477,84168.28325
28/09/1984,343.75,436.39645,278.34016,84476.23806
31/10/1984,333.5,421.36524,273.13684,81941.05089
30/11/1984,329,423.65948,274.62438,81426.12999
31/12/1984,308.3,402.44571,266.00536,77540.561
31/01/1985,306.65,402.82425,271.13176,78085.9468
28/02/1985,287.75,400.46189,266.4352,74735.07472
29/03/1985,329.25,425.72503,266.06098,82478.90229
30/04/1985,321.35,417.92772,258.63201,80887.15999
31/05/1985,314,403.42677,244.07307,78835.60187
28/06/1985,317.75,404.96174,242.55753,78952.47516
31/07/1985,327.5,393.63834,232.51691,77544.38899
30/08/1985,333.25,399.97653,239.23193,79544.61803
30/09/1985,325.75,375.92864,231.19258,70455.93963
31/10/1985,325.1,366.57382,225.60712,68753.76919
29/11/1985,325.3,353.90395,218.54208,65726.52995
31/12/1985,326.8,347.50996,226.08105,65450.4627
31/01/1986,350.5,364.09748,248.0541,67594.74289
28/02/1986,338.15,328.63644,233.6904,60993.19417
31/03/1986,344,348.0096,231.8062,61718.3996
30/04/1986,345.75,329.63049,222.92075,57680.74351
30/05/1986,343.2,350.95568,233.073,59899.75999
30/06/1986,346.75,336.16154,226.26452,56735.82745
31/07/1986,357.5,332.15088,239.53125,54972.42082
29/08/1986,384.7,349.45598,258.44813,59443.07026
30/09/1986,423.2,383.63932,292.46723,65322.5533
31/10/1986,401,369.82157,285.30802,65478.19133
28/11/1986,389.5,345.50058,271.7129,63105.32059
31/12/1986,388.75,337.80413,262.22629,61492.06583
30/01/1987,400.5,334.75826,264.61873,61523.85478
27/02/1987,405.85,338.01865,262.51616,62150.70001
31/03/1987,421,346.73901,262.30537,61445.0331
30/04/1987,453.25,371.84365,272.96002,63736.16515
29/05/1987,451,375.90249,276.68742,64952.37206
30/06/1987,447.3,373.31336,277.22337,65632.63235
31/07/1987,462.5,391.90795,290.51542,69287.92816
31/08/1987,453.4,374.2796,277.56376,64394.79264
30/09/1987,459.5,384.68778,282.6823,67278.38725
30/10/1987,468.8,372.16262,272.24175,64725.47568
30/11/1987,492.5,371.97115,269.71547,65203.71601
31/12/1987,484.1,351.76051,257.70554,58756.86319
29/01/1988,458,352.89121,258.75713,58543.80171
29/02/1988,426.15,330.48344,240.28771,54725.52604
31/03/1988,456.95,347.70009,242.02864,56695.20786
29/04/1988,449,345.58114,238.89352,56080.2528
31/05/1988,455.5,360.75776,247.75658,56984.01272
30/06/1988,436.55,364.40232,255.59148,58274.85711
29/07/1988,436.8,374.61934,255.36385,58095.27583
31/08/1988,427.75,369.07239,254.0086,58358.47561
30/09/1988,396.7,341.8001,234.59489,53135.74202
31/10/1988,412.4,337.87095,233.19212,51768.65144
30/11/1988,422.6,336.58198,228.37085,51497.6275
30/12/1988,410.25,332.65809,226.78299,51252.95576
31/01/1989,394,335.73873,225.07858,51430.45651
28/02/1989,387,321.64089,221.84029,49082.16438
31/03/1989,383.2,329.38189,227.01423,50737.67952
28/04/1989,377.55,321.83838,223.53476,50127.66892
31/05/1989,361.8,324.55981,230.07961,51480.31333
30/06/1989,373,330.89848,240.80055,53698.52258
31/07/1989,368.3,310.90568,221.00222,50443.75759
31/08/1989,359.8,318.07266,228.66214,52020.63695
29/09/1989,366.5,312.35554,226.93502,51173.84626
31/10/1989,375.3,315.18514,237.83285,53571.85013
30/11/1989,408.15,332.89138,260.13406,58335.06222
29/12/1989,398.6,310.67055,247.19397,57287.20272
31/01/1990,415.05,321.25508,247.05369,59972.28344
28/02/1990,407.7,316.15304,241.24263,60672.52259
30/03/1990,368.5,283.86799,223.67248,57987.09159
30/04/1990,367.75,280.64637,224.30624,58375.69814
31/05/1990,363.05,280.21406,216.4879,55420.90231
29/06/1990,352.2,265.93107,201.89183,53602.28185
31/07/1990,372.3,267.79837,200.16122,54393.81215
31/08/1990,387.75,278.02764,204.88772,55780.68257
28/09/1990,408.4,291.85621,217.98769,56458.8108
31/10/1990,379.5,262.61428,195.21622,49292.09464
30/11/1990,384.85,264.80077,198.42737,51243.86806
31/12/1990,386.2,265.67436,200.10377,52377.16121
31/01/1991,366,251.05383,186.25971,48101.56967
28/02/1991,362.7,256.11359,189.84561,48220.78419
29/03/1991,355.65,279.7497,204.51422,50208.24077
30/04/1991,357.75,282.51958,207.5116,48765.22687
31/05/1991,360.4,288.88766,212.12492,49902.38629
28/06/1991,368.35,308.46219,227.5171,50793.19308
31/07/1991,362.85,292.89262,215.34135,49851.52241
30/08/1991,347.4,280.78933,206.66267,47532.41472
30/09/1991,354.9,273.61332,202.45307,47120.95261
31/10/1991,357.45,276.67308,205.13646,46668.54443
29/11/1991,366.3,277.9192,207.53548,47629.39358
31/12/1991,353.15,250.28443,188.74944,44120.18227
31/01/1992,354.1,264.69551,197.82115,44460.30378
28/02/1992,353.1,268.94767,200.96748,45619.61761
31/03/1992,341.7,261.69046,196.88865,45481.27929
30/04/1992,336.35,257.99299,189.54628,44875.08178
29/05/1992,337.5,251.28287,184.52711,43087.08076
30/06/1992,343.4,243.13671,180.35725,43240.64961
31/07/1992,357.85,246.81316,186.38031,45569.98574
31/08/1992,340,224.49884,171.54403,41899.62927
30/09/1992,349,241.24886,195.90234,41874.12616
30/10/1992,339.25,254.96971,217.12,41795.6
30/11/1992,334.2,261.39263,220.8129,41568.02855
31/12/1992,332.9,266.66695,219.88105,41557.51921
29/01/1993,330.45,264.27566,222.226,41222.92271
26/02/1993,327.6,270.44934,230.218,38676.62416
31/03/1993,337.8,274.97148,224.37718,38817.2517
30/04/1993,354.3,281.12978,225.81273,39404.32215
31/05/1993,377.45,300.65327,241.80012,40441.06956
30/06/1993,378.45,321.11628,253.39807,40416.99168
30/07/1993,401.75,354.78532,270.53878,42136.41547
31/08/1993,371.55,318.96552,249.78167,38903.49503
30/09/1993,355.5,298.71149,237.7132,37736.9707
29/10/1993,369.6,318.85348,248.63768,40092.82539
30/11/1993,370.9,327.88907,249.84838,40475.43749
31/12/1993,391.75,348.19297,264.78543,43721.2571
31/01/1994,377.9,335.17711,252.12659,41192.9749
28/02/1994,381.55,332.97985,256.74584,39738.4098
31/03/1994,389.2,331.03979,262.16704,39990.295
29/04/1994,376.45,317.5162,248.2689,38204.0178
31/05/1994,387.6,325.30518,256.39163,40564.2622
30/06/1994,388.25,317.59036,251.54696,38298.917
29/07/1994,384,313.36926,249.91058,38467.1953
31/08/1994,385.75,313.00231,251.0576,38642.5015
30/09/1994,394.85,314.77036,250.38043,39078.2845
31/10/1994,383.85,298.3723,235.41136,37214.2421
30/11/1994,383.1,311.10189,244.76889,37907.7293
30/12/1994,383.25,308.79357,244.96647,38236.8483
31/01/1995,374.9,297.2976,236.16499,37096.3442
28/02/1995,376.4,293.58435,238.19013,36397.8694
31/03/1995,392,291.34858,240.66806,33868.7916
28/04/1995,389.75,291.50553,242.1937,32746.7907
31/05/1995,384.3,289.94249,241.91867,32529.0527
30/06/1995,387.05,287.06889,243.28992,32860.5201
31/07/1995,383.35,280.74114,239.57875,33750.1127
31/08/1995,382.35,294.94683,246.82871,37451.167
29/09/1995,384,288.9822,242.6234,37881.5918
31/10/1995,382.65,285.63238,242.50581,39124.0374
30/11/1995,387.8,294.554,253.54694,39373.3137
29/12/1995,387,290.67376,249.26744,39920.9845
31/01/1996,405.55,314.77913,268.39834,43359.3546
29/02/1996,400.65,306.49903,261.7089,42136.3495
29/03/1996,396.35,304.47862,259.6462,42330.2019
30/04/1996,391.3,308.65045,260.77104,40990.607
31/05/1996,390.55,307.01363,252.06529,42218.4303
28/06/1996,382,298.5931,245.85694,41899.6691
31/07/1996,385.3,293.51466,247.44716,41121.1181
30/08/1996,386.45,294.90441,247.24889,41968.4612
30/09/1996,379,296.13929,242.42047,42211.125
31/10/1996,379.5,294.249,233.05087,43164.3263
29/11/1996,371.3,291.74768,220.97236,42253.9132
31/12/1996,369.25,290.49177,215.77165,42858.8446
31/01/1997,345.5,288.68389,215.60063,41943.6979
28/02/1997,358.6,310.06828,219.79774,43279.4117
31/03/1997,348.15,297.44788,212.02805,43104.4386
30/04/1997,340.15,300.81349,209.63268,43168.4202
30/05/1997,345.6,301.5615,211.2469,40272.7505
30/06/1997,334.55,296.88812,201.01533,38282.5317
31/07/1997,326.35,305.23375,199.29764,38639.8207
29/08/1997,325.35,298.45104,200.61041,39136.3317
30/09/1997,332.1,298.74504,205.58375,40094.4139
31/10/1997,311.4,273.01795,185.69975,37452.0628
28/11/1997,296.8,266.62476,176.16331,37879.0751
31/12/1997,290.2,266.0608,176.37587,37733.2469
30/01/1998,304.85,284.47907,186.45259,38654.9577
27/02/1998,297.4,275.71387,180.62555,37570.5257
31/03/1998,301,284.1909,179.74988,40139.8537
30/04/1998,310.7,284.80728,185.82534,41052.7813
29/05/1998,293.6,267.28842,180.04538,40682.6599
30/06/1998,296.3,272.95242,177.58455,41121.965
31/07/1998,288.85,262.34505,176.56408,41704.1389
31/08/1998,273.4,246.34458,163.27261,38601.3287
30/09/1998,293.85,251.02714,172.91389,39998.8406
30/10/1998,292.3,247.53745,174.5439,34061.6959
30/11/1998,294.7,254.79835,178.54116,36224.5175
31/12/1998,287.8,245.08221,172.98263,32463.8145
29/01/1999,285.4,251.29889,173.72779,33186.3003
26/02/1999,287.05,261.47755,179.18223,34058.4576
31/03/1999,279.45,258.84606,173.10908,33095.2557
30/04/1999,286.6,270.88833,178.00689,34209.9887
31/05/1999,268.6,257.55116,167.53465,32714.1187
30/06/1999,261,253.07863,165.58296,31591.4382
30/07/1999,255.6,238.81175,157.78271,29333.9328
31/08/1999,254.8,241.21955,158.4627,27937.5419
30/09/1999,299,280.75117,181.55877,31834.5258
29/10/1999,299.1,284.55889,182.27797,31214.0563
30/11/1999,291.35,289.35331,182.92838,29771.5841
31/12/1999,290.25,289.55534,180.08945,29708.5375
31/01/2000,283.3,289.5541,174.78476,30325.8271
29/02/2000,293.65,304.9957,186.01336,32258.9088
31/03/2000,276.75,289.21512,173.47837,28384.8602
28/04/2000,275.05,301.82121,175.77879,29726.0068
31/05/2000,272.25,293.56263,182.14364,29314.5154
30/06/2000,288.15,300.59427,190.34253,30487.6983
31/07/2000,276.75,298.6725,184.7896,30326.2613
31/08/2000,277,311.55077,190.38463,29539.2798
29/09/2000,273.65,310.08485,185.08624,29570.6078
31/10/2000,264.5,312.05736,182.15636,28880.7516
30/11/2000,269.1,309.13239,189.83459,29809.5346
29/12/2000,274.45,292.31002,183.72613,31342.1836
31/01/2001,264.5,284.40858,181.02804,30757.3794
28/02/2001,266.7,290.01727,184.91945,31282.5703
30/03/2001,257.7,291.51555,181.26822,32294.9558
30/04/2001,263.15,296.80781,183.91809,32508.2201
31/05/2001,267.5,315.59676,188.30073,31784.3479
29/06/2001,270.6,319.63126,192.41299,33749.2099
31/07/2001,265.9,303.88546,186.57679,33206.9078
31/08/2001,273,300.52817,188.21746,32488.3622
28/09/2001,293.1,321.84001,199.42837,34916.9825
31/10/2001,278.75,309.48126,191.67298,34120.3934
30/11/2001,275.5,307.68348,193.19109,33919.5587
31/12/2001,276.5,310.53459,189.9822,36238.0893
31/01/2002,282.3,327.91222,199.75221,37764.6546
28/02/2002,296.85,343.17885,209.877,39725.9307
29/03/2002,301.4,345.48359,211.65727,39946.0326
30/04/2002,308.2,342.0263,211.48707,39572.8718
31/05/2002,326.6,349.56609,223.21707,40532.6734
28/06/2002,318.5,322.49881,208.95535,38175.4053
31/07/2002,304.65,310.74013,195.01974,36484.8706
30/08/2002,312.8,318.95541,202.21077,37087.1048
30/09/2002,323.7,327.5319,205.83751,39407.2289
31/10/2002,316.9,320.00369,202.56323,38823.4053
29/11/2002,319.05,320.71751,205.04489,39088.3866
31/12/2002,347.2,330.85567,215.6656,41202.2176
31/01/2003,367.5,342.33813,223.58099,44077.9453
28/02/2003,347.45,322.36959,220.58915,41077.2673
31/03/2003,334.85,306.86386,211.84322,39706.4911
30/04/2003,336.75,301.7473,210.69928,40160.8032
30/05/2003,361.4,307.27363,220.58779,43225.2338
30/06/2003,346,301.30186,209.67799,41545.9489
31/07/2003,354.75,315.17923,220.69122,42763.3381
29/08/2003,375.6,342.10751,237.45843,43824.9882
30/09/2003,388,333.17589,233.538,43345.4186
31/10/2003,386.25,332.25805,227.61425,42462.3928
28/11/2003,398.35,332.3182,231.61901,43627.2716
31/12/2003,416.25,330.00355,232.52245,44609.5117
30/01/2004,399.75,321.78217,219.61274,42313.5338
27/02/2004,395.85,318.59142,213.30419,43250.5528
31/03/2004,423.7,344.77984,230.54114,44079.6195
30/04/2004,388.5,324.08759,219.07692,42872.9158
31/05/2004,393.25,322.03249,214.48643,43463.9538
30/06/2004,395.8,325.31935,218.25196,43187.6918
30/07/2004,391.4,325.09646,215.2382,43623.4709
31/08/2004,407.25,335.10243,226.38215,44693.6493
30/09/2004,415.65,334.66175,229.69802,45810.8525
29/10/2004,425.55,334.53856,232.24908,45189.1283
30/11/2004,453.4,341.14583,237.19587,46607.2421
31/12/2004,435.6,320.47074,226.88675,44635.9109
31/01/2005,422.15,323.84633,223.82161,43673.5125
28/02/2005,435.45,328.05962,226.12563,45410.8931
31/03/2005,427.5,328.93471,226.23838,45725.3963
29/04/2005,435.7,337.50335,228.12714,45711.4575
31/05/2005,414.45,335.65493,227.40116,44667.341
30/06/2005,437.1,361.04559,243.8561,48435.0337
29/07/2005,429,353.18816,243.66705,48088.749
31/08/2005,433.25,352.27872,240.88854,48149.2364
30/09/2005,473.25,392.52684,267.50902,53638.1533
31/10/2005,470.75,393.02857,265.92299,54797.6532
30/11/2005,495.65,420.41637,286.43675,59306.9885
30/12/2005,513,434.91159,298.82059,60549.3894
31/01/2006,568.75,468.37683,319.99897,66580.7115
28/02/2006,556,466.34514,317.48763,64398.6983
31/03/2006,582,480.93211,335.5338,68670.1743
28/04/2006,644,511.25311,354.30366,73544.798
31/05/2006,653,508.38877,348.95532,73207.8204
30/06/2006,613.5,479.8029,331.70243,70132.2446
31/07/2006,632.5,495.63136,338.76986,72380.136
31/08/2006,623.5,487.09035,327.78712,73127.1903
29/09/2006,599.25,473.06098,320.80632,70750.4436
31/10/2006,603.75,473.02853,316.55534,70732.3305
30/11/2006,646.7,487.87292,328.76647,74794.0821
29/12/2006,632,479.27804,322.91861,75305.9592
31/01/2007,650.5,500.5964,332.32871,78684.4744
28/02/2007,664.2,502.81989,338.92089,78697.7215
30/03/2007,661.75,497.12653,337.39525,78136.1292
30/04/2007,677,496.06154,338.5255,80904.878
31/05/2007,659.1,489.80035,333.19848,80288.2402
29/06/2007,650.5,481.65561,324.22067,80333.4943
31/07/2007,665.5,486.17451,327.50192,79237.749
31/08/2007,672,492.93964,333.15985,77894.8755
28/09/2007,743,522.4484,364.68948,85456.1445
31/10/2007,789.5,545.70585,380.05157,91017.4983
30/11/2007,783.5,533.77388,381.05206,86909.7279
31/12/2007,833.75,570.26091,418.84364,93142.3782
31/01/2008,923.25,623.56472,464.41149,98164.5534
29/02/2008,971.5,639.94464,488.38738,101138.0033
31/03/2008,933.5,589.12623,469.68571,92915.9117
30/04/2008,871,559.44502,439.77687,91028.2052
30/05/2008,885.75,569.96231,448.20888,93504.1874
30/06/2008,930.25,590.42873,467.4272,98611.1416
31/07/2008,918,588.36723,463.42576,99222.0222
29/08/2008,833,565.8006,456.70116,90401.3199
30/09/2008,884.5,629.69421,496.22718,93902.9366
31/10/2008,730.75,576.27853,452.26693,71869.2558
28/11/2008,814.5,641.89454,530.80923,77577.0485
31/12/2008,869.75,625.6969,604.93833,78842.8322
30/01/2009,919.5,717.51848,637.78873,82580.2928
27/02/2009,952,749.57678,667.90649,93148.4266
31/03/2009,916.5,690.29146,639.41134,90522.6949
30/04/2009,883.25,666.55345,596.06595,86898.5464
29/05/2009,975.5,689.1801,604.94256,93116.3394
30/06/2009,934.5,666.2389,567.44707,90165.2188
31/07/2009,939,662.31703,566.39647,89388.0975
31/08/2009,955.5,665.83044,586.26831,88636.9569
30/09/2009,995.75,681.22733,622.59669,89154.4647
30/10/2009,1040,704.86966,630.93406,94140.7886
30/11/2009,1175.75,783.12849,716.44022,101284.9708
31/12/2009,1087.5,757.97171,673.43754,101240.7972
29/01/2010,1078.5,775.92714,673.05299,97771.4162
26/02/2010,1108.25,812.0836,727.96247,98484.6254
31/03/2010,1115.5,824.40333,735.3818,104232.3057
30/04/2010,1179.25,886.88756,770.42474,110861.286
31/05/2010,1207.5,984.06759,831.0681,109924.7485
30/06/2010,1244,1015.59366,831.49551,110081.5479
30/07/2010,1169,897.29862,746.4406,101305.5264
31/08/2010,1246,980.36947,810.72311,104626.6025
30/09/2010,1307,957.3695,829.42001,109186.7712
29/10/2010,1346.75,968.95508,842.35067,108480.6961
30/11/2010,1383.5,1062.80063,888.36851,115895.7798
31/12/2010,1405.5,1047.66876,897.71022,113993.0715
31/01/2011,1327,967.90713,828.46916,108721.1003
28/02/2011,1411,1021.57557,867.50736,115603.2197
31/03/2011,1439,1014.02315,897.72031,119264.3051
29/04/2011,1535.5,1034.98268,920.59132,124590.4691
31/05/2011,1536.5,1068.79586,933.50381,124825.245
30/06/2011,1505.5,1038.38392,937.7435,121584.1717
29/07/2011,1628.5,1133.26426,992.0807,125703.8941
31/08/2011,1813.5,1259.5505,1113.77302,138678.3195
30/09/2011,1620,1207.42375,1039.92854,124869.5782
31/10/2011,1722,1234.58626,1066.84873,134272.9342
30/11/2011,1746,1297.03276,1110.1223,135541.9619
30/12/2011,1531,1179.37142,985.13667,117795.1204
31/01/2012,1744,1332.26423,1105.16167,132980
29/02/2012,1770,1323.16679,1108.01638,143263.7773
30/03/2012,1662.5,1248.40489,1040.52593,136815.4345
30/04/2012,1651.25,1247.59243,1016.87356,131844.0331
31/05/2012,1558,1260.05985,1012.24749,122170.5595
29/06/2012,1598.5,1259.60397,1019.15906,127544.3043
31/07/2012,1622,1317.04028,1035.2316,126678.1852
31/08/2012,1648.5,1307.81445,1037.86992,129077.5299
28/09/2012,1776,1380.48978,1099.82694,138172.7783
31/10/2012,1719,1326.59435,1067.00622,137399.6574
30/11/2012,1726,1327.08072,1076.96648,142343.1958
31/12/2012,1657.5,1257.20621,1019.68642,143315.7314
31/01/2013,1664.75,1226.42559,1050.01786,151925.0759
28/02/2013,1588.5,1215.05411,1046.47777,146555.0013
29/03/2013,1598.25,1244.64643,1052.55374,150267.4474
30/04/2013,1469,1114.22982,943.84517,143095.273
31/05/2013,1394.5,1076.00344,919.79425,140809.6247
28/06/2013,1192,917.02924,785.9169,118407.3098
31/07/2013,1314.5,989.94663,867.05619,129287.6419
30/08/2013,1394.75,1057.75091,901.64211,136845.8826
30/09/2013,1326.5,979.94371,819.13101,130162.8125
31/10/2013,1324,973.88752,824.10068,129897.6206
29/11/2013,1253,920.27509,764.93432,128263.3328
31/12/2013,1204.5,874.12477,727.24528,126598.9674
31/01/2014,1251,927.66313,761.20367,127583.2167
28/02/2014,1326.5,960.43199,791.53866,135389.2055
31/03/2014,1291.75,937.23983,774.82551,133030.8548
30/04/2014,1288.5,929.28493,763.08075,131620.2671
30/05/2014,1250.5,916.41955,745.52161,127232.1164
30/06/2014,1315,960.45048,769.0736,133216.0654
31/07/2014,1285.25,960.57599,761.2691,132168.6728
29/08/2014,1285.75,976.12382,774.19867,133570.1317
30/09/2014,1216.5,962.99277,750.39367,133443.9578
31/10/2014,1164.25,929.24475,727.72461,130518.2413
28/11/2014,1182.75,948.74286,755.24429,140374.6809
31/12/2014,1206,996.65333,773.44883,144593.3568
30/01/2015,1260.25,1116.79796,839.10396,148035.2616
27/02/2015,1214,1082.33432,785.55731,145127.6278
31/03/2015,1187,1105.21479,799.59586,142350.9605
30/04/2015,1180.25,1053.27813,768.017,141240.5153
29/05/2015,1191.4,1086.69696,780.75973,147846.7542
30/06/2015,1171,1050.97862,744.5796,143289.4036
31/07/2015,1098.4,994.1622,703.87726,136086.2438
31/08/2015,1135,1012.941,737.9718,137544.9722
30/09/2015,1114,997.98514,735.43512,133418.2093
30/10/2015,1142.35,1034.12877,739.67262,137853.0546
30/11/2015,1061.9,1005.44473,705.44091,130911.0187
31/12/2015,1060,975.7895,719.18048,127512.6981
29/01/2016,1111.8,1027.4945,783.78558,134600.0291
29/02/2016,1234.9,1136.53322,886.12251,139389.3265
31/03/2016,1237,1085.5169,860.64164,139032.6014
29/04/2016,1285.65,1122.4957,877.63719,137558.105
31/05/2016,1212.1,1088.79418,832.77234,134427.9328
30/06/2016,1320.75,1188.84792,987.994,135495.7377
29/07/2016,1342,1200.08955,1010.77076,137534.8503
31/08/2016,1309.25,1175.53365,999.65713,135422.2706
30/09/2016,1322.5,1176.81152,1018.09101,133922.9617
31/10/2016,1272,1160.3722,1041.85473,133668.1091
30/11/2016,1178.1,1110.57721,942.93311,134238.5785
30/12/2016,1145.9,1086.41899,927.36675,133652.0288
31/01/2017,1212.8,1122.23547,963.99351,136530.9343
28/02/2017,1255.6,1181.63073,1009.00096,140482.7827
31/03/2017,1244.85,1163.90108,995.52215,138713.6101
28/04/2017,1266.45,1163.00187,978.89866,141171.1583
31/05/2017,1266.2,1126.01221,980.82817,140022.7108
30/06/2017,1242.25,1089.16785,956.34992,139579.1918